Cid,Name,TimeStamp,MessageId
248d9d75297a,Tigran Goraidh,2023-01-17T16:36:10.785014Z,MessageIdData
6ebcb2ac944c,Vikram Sunita,2023-01-17T16:36:11.785421Z,MessageIdData
743997192c71,Suraj Livius,2023-01-17T16:36:12.785487Z,MessageIdData
a8d9c40ef511,Faron Domhnall,2023-01-17T16:36:13.785535Z,MessageIdData
cd3a8437423c,Radomir Aditi,2023-01-17T16:36:14.785592Z,MessageIdData
43510864a6f1,Katherine Ismaele,2023-01-17T16:36:15.785636Z,MessageIdData
247263c670b8,Dolores Langston,2023-01-17T16:36:16.785678Z,MessageIdData
fad18082a2fd,Darryl Dayton,2023-01-17T16:36:17.785719Z,MessageIdData
280f1654a3dc,Lorayne Akicita,2023-01-17T16:36:18.785760Z,MessageIdData
20f8aecfc69b,Deirdre Daniel,2023-01-17T16:36:19.785800Z,MessageIdData
1dd7743b1e36,Deborah Millard,2023-01-17T16:36:20.785843Z,MessageIdData
febda3b8e823,Itzcoatl Tex,2023-01-17T16:36:21.785883Z,MessageIdData
3bc5a105b4cd,Rinaldo Fiorino,2023-01-17T16:36:22.785921Z,MessageIdData
88066778efa9,Ermanno Kimimela,2023-01-17T16:36:23.785957Z,MessageIdData
b8f896ea05af,Everett Brice,2023-01-17T16:36:24.785993Z,MessageIdData
45f0bb6f8f16,Wilford Antonio,2023-01-17T16:36:25.786029Z,MessageIdData
bfb248306601,Veronica Giacomina,2023-01-17T16:36:26.786066Z,MessageIdData
ab516b7308fd,Ujarak Gerald,2023-01-17T16:36:27.786105Z,MessageIdData
118615748df9,Shannon Maome,2023-01-17T16:36:28.786148Z,MessageIdData
ef5ade4437d8,Fausta Enea,2023-01-17T16:36:29.78618Z7,MessageIdData
