Cid,"Name,ModelType",TimeStamp,MessageId
dd65c41bf379,Pax,2023-01-30T16:36:40.786406Z,MessageIdData
9b33972d8576,Fulgora,2023-01-30T16:36:41.786406Z,MessageIdData
8cbb2df198e2,Saturn,2023-01-30T16:36:42.786406Z,MessageIdData
5a1febe9ed2e,Elissa,2023-01-30T16:36:43.786406Z,MessageIdData
8cb43fec45ab,Gemini,2023-01-30T16:36:44.786406Z,MessageIdData
0d895b175b5a,Vesta,2023-01-30T16:36:45.786406Z,MessageIdData
d7eb2fc098ba,Luna,2023-01-30T16:36:46.786406Z,MessageIdData
564c6b840ab5,Ceres,2023-01-30T16:36:47.786406Z,MessageIdData
c154f41bf318,Venus,2023-01-30T16:36:48.786406Z,MessageIdData
c4b05d20527c,Iovis,2023-01-30T16:36:49.786406Z,MessageIdData
